county,apr_2013active_dem,apr_2013active_rep,apr_2013active_uaf,apr_2013total_active,apr_2013inactive_dem,apr_2013inactive_rep,apr_2013inactive_uaf,apr_2013total_inactive,apr_2013grand_total,aug_2013active_dem,aug_2013active_rep,aug_2013active_uaf,aug_2013total_active,aug_2013inactive_dem,aug_2013inactive_rep,aug_2013inactive_uaf,aug_2013total_inactive,aug_2013grand_total,dec_2012active_dem,dec_2012active_rep,dec_2012active_uaf,dec_2012total_active,dec_2012inactive_dem,dec_2012inactive_rep,dec_2012inactive_uaf,dec_2012total_inactive,dec_2012grand_total,feb_2013active_dem,feb_2013active_rep,feb_2013active_uaf,feb_2013total_active,feb_2013inactive_dem,feb_2013inactive_rep,feb_2013inactive_uaf,feb_2013total_inactive,feb_2013grand_total,jan_2013active_dem,jan_2013active_rep,jan_2013active_uaf,jan_2013total_active,jan_2013inactive_dem,jan_2013inactive_rep,jan_2013inactive_uaf,jan_2013total_inactive,jan_2013grand_total,july_2013active_dem,july_2013active_rep,july_2013active_uaf,july_2013total_active,july_2013inactive_dem,july_2013inactive_rep,july_2013inactive_uaf,july_2013total_inactive,july_2013grand_total,june_2013active_dem,june_2013active_rep,june_2013active_uaf,june_2013total_active,june_2013inactive_dem,june_2013inactive_rep,june_2013inactive_uaf,june_2013total_inactive,june_2013grand_total,mar_2013active_dem,mar_2013active_rep,mar_2013active_uaf,mar_2013total_active,mar_2013inactive_dem,mar_2013inactive_rep,mar_2013inactive_uaf,mar_2013total_inactive,mar_2013grand_total,may_2013active_dem,may_2013active_rep,may_2013active_uaf,may_2013total_active,may_2013inactive_dem,may_2013inactive_rep,may_2013inactive_uaf,may_2013total_inactive,may_2013grand_total,nov_2012active_dem,nov_2012active_rep,nov_2012active_uaf,nov_2012total_active,nov_2012inactive_dem,nov_2012inactive_rep,nov_2012inactive_uaf,nov_2012total_inactive,nov_2012grand_total,oct_2013active_dem,oct_2013active_rep,oct_2013active_uaf,oct_2013total_active,oct_2013inactive_dem,oct_2013inactive_rep,oct_2013inactive_uaf,oct_2013total_inactive,oct_2013grand_total,sept_2013active_dem,sept_2013active_rep,sept_2013active_uaf,sept_2013total_active,sept_2013inactive_dem,sept_2013inactive_rep,sept_2013inactive_uaf,sept_2013total_inactive,sept_2013grand_total
Adams,69826,50170,64019,184015,21840,13924,32933,68697,252712,79400,55691,80989,216080,12330,8581,17128,38039,254119,69298,49697,62542,181537,24677,16092,37590,78359,259896,69509,49908,63189,182606,22120,14124,33339,69583,252189,69346,49736,62678,181760,22471,14390,33836,70697,252457,79383,55629,80628,215640,12394,8629,17197,38220,253860,70058,50434,64891,185383,21610,13793,32663,68066,253449,69682,50061,63623,183366,21938,13998,33095,69031,252397,69935,50248,64440,184623,21719,13861,32809,68389,253012,70682,50487,66552,187721,22735,15084,32826,70645,258366,79133,55321,81341,215795,12723,8970,17654,39347,255142,79075,55195,80854,215124,12850,9211,17866,39927,255051
Alamosa,2934,2235,1872,7041,708,472,934,2114,9155,3256,2449,2441,8146,366,246,421,1033,9179,2918,2215,1817,6950,1028,761,1386,3175,10125,2925,2230,1851,7006,712,477,942,2131,9137,2919,2228,1840,6987,721,481,949,2151,9138,3259,2452,2405,8116,366,249,425,1040,9156,2932,2238,1893,7063,700,467,927,2094,9157,2929,2235,1863,7027,710,471,940,2121,9148,2933,2238,1883,7054,707,470,930,2107,9161,2882,2220,1747,6849,1039,770,1400,3209,10058,3269,2455,2465,8189,363,238,415,1016,9205,3267,2450,2457,8174,364,239,420,1023,9197
Arapahoe,104276,99016,95568,298860,22692,16325,35095,74112,372972,116376,108009,122050,346435,10919,7672,11048,29639,376074,102264,97848,91094,291206,29628,20922,43341,93891,385097,103941,98772,94287,297000,23105,16671,35721,75497,372497,103150,98171,92402,293723,28094,19597,41499,89190,382913,116153,107839,121271,345263,10965,7719,11068,29752,375015,104622,99306,96900,300828,22386,16123,34697,73206,374034,104168,98954,95034,298156,22805,16435,35322,74562,372718,104465,99174,96293,299932,22511,16204,34866,73581,373513,107427,101492,102884,311803,24433,17337,31250,73020,384823,116916,108187,123752,348855,10835,7552,11088,29475,378330,116742,108270,122936,347948,10955,7660,11195,29810,377758
Archuleta,1656,3519,1927,7102,721,1325,1133,3179,10281,1855,3821,2348,8024,490,946,735,2171,10195,1620,3462,1847,6929,742,1386,1170,3298,10227,1638,3498,1886,7022,728,1344,1146,3218,10240,1634,3495,1873,7002,730,1345,1149,3224,10226,1879,3873,2379,8131,487,940,716,2143,10274,1663,3532,1963,7158,691,1270,1119,3080,10238,1650,3507,1903,7060,723,1334,1136,3193,10253,1658,3522,1946,7126,692,1276,1120,3088,10214,1599,3444,1795,6838,755,1411,1184,3350,10188,1848,3826,2374,8048,469,891,704,2064,10112,1853,3826,2355,8034,472,900,711,2083,10117
Baca,675,1117,437,2229,141,224,216,581,2810,746,1238,591,2575,56,98,96,250,2825,662,1101,382,2145,189,311,309,809,2954,667,1110,393,2170,151,239,232,622,2792,666,1109,387,2162,186,304,309,799,2961,747,1237,583,2567,57,100,97,254,2821,670,1119,451,2240,136,219,215,570,2810,674,1114,428,2216,145,227,218,590,2806,676,1119,444,2239,136,222,215,573,2812,662,1101,380,2143,190,314,316,820,2963,740,1237,604,2581,55,97,95,247,2828,744,1238,596,2578,56,98,95,249,2827
Bent,760,779,488,2027,254,172,346,772,2799,870,831,653,2354,142,106,184,432,2786,759,783,472,2014,264,182,354,800,2814,759,777,481,2017,257,176,350,783,2800,755,778,478,2011,262,181,353,796,2807,867,832,653,2352,142,108,184,434,2786,758,775,493,2026,252,170,343,765,2791,760,779,482,2021,255,175,348,778,2799,760,776,491,2027,253,171,345,769,2796,755,783,461,1999,271,190,363,824,2823,868,830,670,2368,139,105,181,425,2793,859,826,656,2341,139,105,182,426,2767
Boulder,80368,36480,68201,185049,18531,9821,29284,57636,242685,83665,38324,76191,198180,15589,7973,22661,46223,244403,79915,36233,66604,182752,22110,11285,33388,66783,249535,80252,36396,67544,184192,18778,9972,29622,58372,242564,80050,36263,67111,183424,19036,10139,29964,59139,242563,84756,38875,77135,200766,14322,7433,21174,42929,243695,80613,36529,68897,186039,18407,9755,29093,57255,243294,80328,36445,67901,184674,18670,9895,29434,57999,242673,80482,36500,68572,185554,18452,9786,29182,57420,242974,81896,37212,70639,189747,19974,10263,28975,59212,248959,84366,38432,78091,200889,15055,7694,22079,44828,245717,83906,38418,76946,199270,15415,7878,22502,45795,245065
Broomfield,10235,11452,12329,34016,1877,1906,3740,7523,41539,11033,12219,14402,37654,1185,1255,1936,4376,42030,10144,11340,12039,33523,2404,2430,4505,9339,42862,10200,11407,12179,33786,1910,1940,3783,7633,41419,10192,11391,12143,33726,1915,1949,3802,7666,41392,11002,12146,14267,37415,1189,1263,1945,4397,41812,10291,11480,12457,34228,1870,1890,3708,7468,41696,10221,11433,12256,33910,1899,1929,3770,7598,41508,10260,11462,12398,34120,1876,1898,3720,7494,41614,10276,11411,12531,34218,2247,2371,3934,8552,42770,10209,11479,13275,34963,2097,2060,3330,7487,42450,10110,11381,13070,34561,2151,2123,3389,7663,42224
Chaffee,3015,4259,3564,10838,486,661,1161,2308,13146,3154,4518,4185,11857,331,398,607,1336,13193,2995,4224,3488,10707,613,838,1458,2909,13616,3012,4245,3512,10769,499,677,1189,2365,13134,2990,4225,3493,10708,525,703,1203,2431,13139,3189,4549,4202,11940,309,386,587,1282,13222,3014,4274,3633,10921,485,654,1152,2291,13212,3012,4250,3536,10798,494,663,1167,2324,13122,3010,4263,3599,10872,486,659,1155,2300,13172,3072,4363,3743,11178,557,736,1170,2463,13641,3154,4504,4237,11895,324,393,604,1321,13216,3155,4513,4220,11888,321,390,602,1313,13201
Cheyenne,152,766,231,1149,45,115,104,264,1413,169,824,290,1283,22,55,48,125,1408,147,757,217,1121,54,156,124,334,1455,151,765,228,1144,45,118,106,269,1413,151,762,228,1141,45,121,107,273,1414,169,828,288,1285,22,54,48,124,1409,150,767,232,1149,44,115,102,261,1410,152,766,231,1149,45,115,105,265,1414,151,764,231,1146,45,115,103,263,1409,148,755,210,1113,55,163,138,356,1469,167,828,297,1292,21,53,45,119,1411,167,825,289,1281,21,54,47,122,1403
Clear Creek,1931,1858,2166,5955,442,473,939,1854,7809,2106,2049,2640,6795,268,283,490,1041,7836,1912,1831,2065,5808,538,554,1070,2162,7970,1929,1861,2133,5923,445,487,946,1878,7801,1916,1836,2085,5837,457,496,957,1910,7747,2100,2050,2629,6779,269,283,492,1044,7823,1942,1867,2194,6003,436,464,928,1828,7831,1932,1856,2159,5947,445,482,942,1869,7816,1938,1868,2181,5987,438,465,934,1837,7824,1909,1827,2059,5795,542,563,1083,2188,7983,2109,2041,2699,6849,267,283,484,1034,7883,2106,2049,2662,6817,268,284,488,1040,7857
Conejos,2187,1603,475,4265,602,325,314,1241,5506,2533,1773,705,5011,249,148,104,501,5512,2182,1596,454,4232,638,358,343,1339,5571,2187,1604,464,4255,609,332,318,1259,5514,2183,1597,458,4238,636,356,338,1330,5568,2536,1771,694,5001,249,148,106,503,5504,2189,1603,485,4277,599,320,312,1231,5508,2185,1605,468,4258,606,330,317,1253,5511,2189,1603,477,4269,601,323,313,1237,5506,2171,1592,448,4211,651,362,351,1364,5575,2549,1776,723,5048,248,146,103,497,5545,2543,1777,719,5039,249,147,103,499,5538
Costilla,1401,273,287,1961,405,129,225,759,2720,1657,331,430,2418,153,75,107,335,2753,1386,266,253,1905,440,142,235,817,2722,1402,272,273,1947,414,134,228,776,2723,1398,272,270,1940,421,136,230,787,2727,1655,330,427,2412,155,75,107,337,2749,1404,273,304,1981,400,129,226,755,2736,1406,271,284,1961,409,130,226,765,2726,1402,274,298,1974,403,129,225,757,2731,1528,288,306,2122,294,123,175,592,2714,1655,334,432,2421,152,75,107,334,2755,1659,333,430,2422,153,75,107,335,2757
Crowley,410,856,301,1567,122,132,187,441,2008,477,920,415,1812,58,70,88,216,2028,401,848,290,1539,176,224,280,680,2219,407,853,302,1562,125,133,190,448,2010,401,849,295,1545,130,141,193,464,2009,475,919,407,1801,58,70,88,216,2017,412,858,311,1581,120,132,186,438,2019,409,853,302,1564,123,132,188,443,2007,411,857,310,1578,120,132,186,438,2016,400,844,288,1532,178,225,281,684,2216,474,920,415,1809,57,68,90,215,2024,476,919,416,1811,57,68,90,215,2026
Custer,458,1712,660,2830,75,215,190,480,3310,490,1786,783,3059,43,126,93,262,3321,452,1709,618,2779,127,332,267,726,3505,458,1708,639,2805,75,221,191,487,3292,456,1710,633,2799,125,324,265,714,3513,491,1798,779,3068,41,117,86,244,3312,460,1710,674,2844,73,209,183,465,3309,459,1709,647,2815,75,219,189,483,3298,458,1711,666,2835,74,209,185,468,3303,444,1697,602,2743,138,377,291,806,3549,495,1795,805,3095,43,123,89,255,3350,494,1789,796,3079,43,123,89,255,3334
Delta,3231,8374,4879,16484,857,1581,1960,4398,20882,3501,8900,5891,18292,577,1042,1104,2723,21015,3203,8361,4727,16291,922,1699,2075,4696,20987,3226,8363,4814,16403,865,1597,1987,4449,20852,3218,8361,4769,16348,874,1625,2009,4508,20856,3521,8950,5888,18359,553,979,1056,2588,20947,3229,8380,4950,16559,847,1571,1940,4358,20917,3227,8373,4845,16445,861,1589,1972,4422,20867,3227,8375,4918,16520,854,1573,1947,4374,20894,3190,8316,4638,16144,963,1768,2134,4865,21009,3497,8902,5984,18383,564,1019,1080,2663,21046,3503,8895,5937,18335,566,1021,1089,2676,21011
Denver,163364,53101,106077,322542,49027,21103,59689,129819,452361,177754,57544,125323,360621,35516,16970,43385,95871,456492,161374,52287,102454,316115,67267,26917,74423,168607,484722,162747,52826,104625,320198,49688,21333,60360,131381,451579,162292,52666,103822,318780,50178,21585,60938,132701,451481,177876,57667,124763,360306,35064,16712,42934,94710,455016,164196,53385,107816,325397,48604,20966,59245,128815,454212,162998,52954,105306,321258,49264,21195,59976,130435,451693,163662,53242,106859,323763,48799,21025,59451,129275,453038,169226,54846,112759,336831,59622,24426,63642,147690,484521,177941,57243,127132,362316,34072,16424,41778,92274,454590,178548,57597,126978,363123,33972,16448,41688,92108,455231
Dolores,375,581,347,1303,74,121,179,374,1677,400,644,420,1464,47,62,116,225,1689,374,569,324,1267,82,132,188,402,1669,378,579,339,1296,75,124,179,378,1674,375,574,330,1279,80,127,186,393,1672,410,650,423,1483,38,53,109,200,1683,376,582,351,1309,74,118,178,370,1679,377,581,342,1300,74,122,179,375,1675,375,581,348,1304,74,120,179,373,1677,373,570,317,1260,82,132,191,405,1665,400,644,423,1467,44,61,118,223,1690,403,644,421,1468,45,62,118,225,1693
Douglas,35349,84194,54165,173708,7483,15290,17425,40198,213906,37668,88583,62388,188639,5464,11573,10489,27526,216165,34838,83142,51915,169895,8386,17065,18729,44180,214075,35269,83989,53617,172875,7491,15338,17456,40285,213160,35103,83607,52785,171495,7538,15449,17600,40587,212082,38219,89917,63259,191395,4831,10015,9215,24061,215456,35545,84620,54938,175103,7434,15159,17282,39875,214978,35289,84029,53821,173139,7509,15355,17493,40357,213496,35435,84418,54580,174433,7454,15206,17349,40009,214442,35864,85311,55925,177100,7437,14987,14664,37088,214188,37951,89134,63679,190764,5248,11075,10135,26458,217222,37864,88989,63109,189962,5330,11281,10296,26907,216869
Eagle,6957,6855,9952,23764,1967,1835,4762,8564,32328,7803,7544,12213,27560,1151,1174,2683,5008,32568,6913,6800,9743,23456,2467,2288,5453,10208,33664,6932,6833,9840,23605,1983,1853,4810,8646,32251,6930,6821,9792,23543,1993,1866,4834,8693,32236,7824,7560,12231,27615,1127,1146,2632,4905,32520,7000,6882,10112,23994,1946,1820,4719,8485,32479,6944,6855,9892,23691,1981,1847,4781,8609,32300,6982,6869,10033,23884,1957,1829,4733,8519,32403,6819,6732,9514,23065,2519,2328,5596,10443,33508,7773,7506,12293,27572,1142,1161,2662,4965,32537,7753,7521,12234,27508,1148,1167,2676,4991,32499
El Paso,67911,140860,97826,306597,22212,29979,48665,100856,407453,78080,154809,127618,360507,12537,16834,22153,51524,412031,66772,139086,93903,299761,27523,36494,59660,123677,423438,67641,140269,96184,304094,22462,30415,49239,102116,406210,67235,139545,94754,301534,22874,31285,50251,104410,405944,77839,154435,126423,358697,12572,16891,22224,51687,410384,68290,141493,99631,309414,21996,29639,48176,99811,409225,67906,140666,97231,305803,22244,30059,48782,101085,406888,68100,141206,98762,308068,22086,29793,48384,100263,408331,69477,142064,103431,314972,25187,35467,50819,111473,426445,78300,155071,129564,362935,12398,16614,21873,50885,413820,78317,155136,128750,362203,12455,16722,22013,51190,413393
Elbert,2047,8343,4290,14680,458,1350,1460,3268,17948,2282,9044,5233,16559,217,691,583,1491,18050,2033,8258,4145,14436,641,1911,1903,4455,18891,2044,8330,4221,14595,464,1362,1492,3318,17913,2041,8300,4185,14526,470,1391,1524,3385,17911,2282,9032,5222,16536,220,692,586,1498,18034,2043,8338,4301,14682,457,1346,1454,3257,17939,2044,8331,4258,14633,461,1356,1473,3290,17923,2045,8345,4305,14695,457,1347,1458,3262,17957,2023,8213,4090,14326,648,1932,1932,4512,18838,2260,8993,5234,16487,233,782,644,1659,18146,2257,8964,5177,16398,241,800,653,1694,18092
Fremont,4777,10100,6452,21329,1237,1953,3051,6241,27570,5366,11041,8393,24800,613,997,1333,2943,27743,4757,10077,6116,20950,2444,3916,5126,11486,32436,4776,10082,6340,21198,1260,1992,3095,6347,27545,4779,10086,6247,21112,1264,2014,3143,6421,27533,5435,11123,8437,24995,552,914,1234,2700,27695,4763,10112,6570,21445,1231,1927,3020,6178,27623,4778,10089,6407,21274,1245,1971,3072,6288,27562,4770,10111,6526,21407,1234,1936,3025,6195,27602,4722,9995,5961,20678,2479,3990,5223,11692,32370,5374,11066,8540,24980,592,956,1318,2866,27846,5365,11049,8473,24887,600,961,1317,2878,27765
Garfield,6492,9053,9948,25493,1203,1584,3967,6754,32247,7047,9676,12136,28859,621,976,1999,3596,32455,6447,8989,9629,25065,2096,2653,5712,10461,35526,6480,9045,9786,25311,1233,1605,4016,6854,32165,6467,9023,9721,25211,1246,1635,4070,6951,32162,7052,9668,12113,28833,623,980,2002,3605,32438,6498,9084,10108,25690,1182,1569,3931,6682,32372,6491,9049,9878,25418,1214,1590,3982,6786,32204,6491,9074,10029,25594,1192,1575,3948,6715,32309,6411,8919,9454,24784,2121,2700,5791,10612,35396,7091,9716,12386,29193,614,965,1987,3566,32759,7063,9701,12292,29056,620,973,1997,3590,32646
Gilpin,1169,960,1404,3533,375,324,711,1410,4943,1294,1096,1710,4100,246,198,417,861,4961,1144,932,1331,3407,437,377,861,1675,5082,1155,948,1371,3474,395,335,745,1475,4949,1158,948,1371,3477,396,335,746,1477,4954,1297,1090,1704,4091,247,198,418,863,4954,1173,969,1412,3554,370,321,706,1397,4951,1168,959,1401,3528,379,325,714,1418,4946,1173,967,1405,3545,372,322,707,1401,4946,1146,929,1322,3397,438,379,870,1687,5084,1307,1099,1747,4153,242,197,416,855,5008,1301,1101,1736,4138,245,198,416,859,4997
Grand,2012,3835,2723,8570,761,1071,1711,3543,12113,2259,4162,3463,9884,511,751,1041,2303,12187,1979,3801,2612,8392,805,1149,1810,3764,12156,1999,3814,2676,8489,770,1084,1737,3591,12080,1988,3802,2639,8429,777,1103,1762,3642,12071,2256,4164,3436,9856,514,752,1046,2312,12168,2028,3846,2769,8643,748,1062,1696,3506,12149,2010,3829,2699,8538,765,1075,1718,3558,12096,2022,3838,2744,8604,750,1068,1705,3523,12127,1942,3810,2531,8283,828,1167,1836,3831,12114,2245,4114,3511,9870,492,709,998,2199,12069,2252,4128,3497,9877,497,726,1012,2235,12112
Gunnison,2769,2516,3822,9107,515,538,1491,2544,11651,2971,2745,4490,10206,325,315,887,1527,11733,2752,2483,3679,8914,1057,1049,2470,4576,13490,2768,2511,3764,9043,525,547,1507,2579,11622,2769,2500,3729,8998,532,553,1520,2605,11603,2958,2737,4468,10163,328,319,889,1536,11699,2776,2521,3863,9160,509,535,1476,2520,11680,2773,2511,3782,9066,519,539,1500,2558,11624,2775,2522,3854,9151,512,536,1478,2526,11677,2744,2525,3739,9008,1060,1015,2385,4460,13468,2975,2734,4503,10212,322,312,884,1518,11730,2974,2745,4498,10217,326,314,886,1526,11743
Hinsdale,94,399,139,632,15,48,17,80,712,106,421,152,679,4,28,4,36,715,95,397,133,625,20,69,29,118,743,94,396,137,627,15,49,17,81,708,95,397,134,626,15,49,18,82,708,105,422,152,679,4,28,4,36,715,95,404,143,642,15,48,15,78,720,94,398,139,631,15,49,17,81,712,95,402,139,636,15,48,17,80,716,103,417,146,666,11,48,16,75,741,108,420,154,682,4,28,4,36,718,108,422,152,682,4,28,4,36,718
Huerfano,1898,1003,910,3811,436,260,411,1107,4918,2073,1071,1136,4280,243,180,205,628,4908,1899,992,881,3772,522,305,462,1289,5061,1898,1002,901,3801,439,265,413,1117,4918,1897,1000,900,3797,516,302,462,1280,5077,2078,1075,1128,4281,246,179,204,629,4910,1893,993,919,3805,433,259,407,1099,4904,1896,1004,905,3805,438,262,412,1112,4917,1894,998,919,3811,433,259,407,1099,4910,1893,993,870,3756,531,308,468,1307,5063,2069,1070,1157,4296,240,178,205,623,4919,2064,1067,1143,4274,241,179,205,625,4899
Jackson,113,648,109,870,27,130,71,228,1098,139,771,188,1098,0,3,0,3,1101,115,647,99,861,50,227,112,389,1250,115,646,104,865,27,133,73,233,1098,115,646,104,865,27,134,73,234,1099,140,775,183,1098,0,3,0,3,1101,113,647,111,871,27,130,70,227,1098,113,646,108,867,27,133,72,232,1099,113,648,111,872,27,130,70,227,1099,115,647,100,862,50,229,113,392,1254,130,722,182,1034,8,49,14,71,1105,139,769,193,1101,0,3,0,3,1104
Jefferson,101315,109260,112436,323011,23536,23794,40403,87733,410744,108862,116156,131284,356302,16102,16802,23321,56225,412527,100276,108501,109008,317785,26112,26505,45364,97981,415766,100992,109075,111111,321178,24002,24254,41112,89368,410546,100622,108799,110210,319631,25861,26205,44936,97002,416633,109888,117452,132521,359861,15073,15530,21711,52314,412175,101611,109453,113751,324815,23260,23537,39956,86753,411568,101194,109201,111877,322272,23692,23926,40613,88231,410503,101470,109395,113084,323949,23380,23652,40169,87201,411150,102733,111053,116036,329822,23381,23913,37732,85026,414848,109247,116183,133144,358574,15551,16175,22611,54337,412911,108961,116181,132152,357294,15674,16317,22775,54766,412060
Kiowa,172,491,189,852,26,72,66,164,1016,189,529,230,948,9,32,31,72,1020,172,490,185,847,37,99,91,227,1074,172,489,187,848,26,74,66,166,1014,173,489,185,847,37,99,91,227,1074,191,529,229,949,9,33,31,73,1022,173,490,193,856,26,71,66,163,1019,171,488,190,849,26,73,66,165,1014,172,489,193,854,26,72,66,164,1018,170,491,181,842,37,100,91,228,1070,188,529,234,951,9,29,28,66,1017,189,530,235,954,9,29,28,66,1020
Kit Carson,618,2288,956,3862,179,451,538,1168,5030,682,2452,1215,4349,112,279,301,692,5041,621,2275,923,3819,188,484,553,1225,5044,620,2276,933,3829,180,463,544,1187,5016,620,2274,924,3818,183,475,552,1210,5028,686,2476,1219,4381,111,261,291,663,5044,618,2292,973,3883,177,446,531,1154,5037,618,2282,948,3848,179,455,540,1174,5022,616,2286,962,3864,177,451,535,1163,5027,618,2252,886,3756,209,567,618,1394,5150,673,2450,1232,4355,105,265,297,667,5022,678,2448,1219,4345,108,268,298,674,5019
La Plata,9801,9958,10577,30336,2839,2748,5060,10647,40983,10872,10965,12922,34759,1849,1784,2981,6614,41373,9842,9855,10362,30059,3077,3042,5554,11673,41732,9903,9930,10570,30403,2748,2813,4993,10554,40957,9880,9887,10470,30237,2764,2843,5033,10640,40877,10839,10941,12836,34616,1859,1787,2983,6629,41245,9873,10000,10745,30618,2804,2716,5006,10526,41144,9919,9967,10661,30547,2723,2705,4919,10347,40894,9834,9985,10672,30491,2814,2723,5031,10568,41059,9767,9781,10136,29684,3136,3093,5637,11866,41550,10930,10993,13060,34983,1821,1773,2955,6549,41532,10906,10986,12993,34885,1835,1776,2972,6583,41468
Lake,1557,663,959,3179,609,297,876,1782,4961,2075,909,1750,4734,94,55,100,249,4983,1558,651,899,3108,626,308,895,1829,4937,1554,656,910,3120,623,306,884,1813,4933,1556,651,899,3106,624,308,889,1821,4927,2063,899,1731,4693,93,55,99,247,4940,1560,660,964,3184,599,294,870,1763,4947,1557,661,943,3161,610,298,875,1783,4944,1555,661,960,3176,606,295,874,1775,4951,1559,652,900,3111,630,308,898,1836,4947,2075,916,1761,4752,93,55,101,249,5001,2077,909,1749,4735,94,55,100,249,4984
Larimer,52197,64427,70655,187279,8243,9266,20817,38326,225605,55253,68410,82157,205820,5247,5213,10748,21208,227028,51796,63795,68453,184044,13210,14799,29672,57681,241725,52143,64286,69860,186289,8347,9446,21098,38891,225180,51959,63999,69065,185023,8659,9921,21895,40475,225498,55894,69197,82936,208027,4500,4487,9459,18446,226473,52249,64522,71453,188224,8092,9066,20471,37629,225853,52177,64381,70348,186906,8269,9303,20873,38445,225351,52170,64431,70990,187591,8137,9125,20574,37836,225427,51489,63543,67270,182302,13495,15121,30214,58830,241132,55455,68584,83308,207347,5081,5036,10484,20601,227948,55363,68518,82699,206580,5138,5083,10570,20791,227371
Las Animas,3796,1872,1450,7118,1193,703,1012,2908,10026,4302,2039,1957,8298,662,538,549,1749,10047,3780,1863,1422,7065,1375,793,1148,3316,10381,3802,1875,1445,7122,1199,705,1020,2924,10046,3796,1873,1444,7113,1211,709,1026,2946,10059,4333,2093,1965,8391,631,489,523,1643,10034,3800,1881,1462,7143,1182,701,1007,2890,10033,3798,1876,1450,7124,1195,703,1015,2913,10037,3804,1880,1464,7148,1186,702,1009,2897,10045,3763,1833,1378,6974,1391,806,1164,3361,10335,4302,2054,2017,8373,656,533,536,1725,10098,4293,2048,1973,8314,662,535,544,1741,10055
Lincoln,402,1414,552,2368,122,259,272,653,3021,439,1515,690,2644,77,151,145,373,3017,392,1400,529,2321,196,383,376,955,3276,401,1409,550,2360,125,263,275,663,3023,400,1407,537,2344,185,373,366,924,3268,445,1526,691,2662,76,151,145,372,3034,400,1420,556,2376,121,256,272,649,3025,401,1414,552,2367,123,261,272,656,3023,401,1417,554,2372,122,256,271,649,3021,392,1397,523,2312,198,387,378,963,3275,444,1547,710,2701,77,151,143,371,3072,441,1525,696,2662,77,151,143,371,3033
Logan,1855,5104,2585,9544,477,884,1374,2735,12279,2042,5518,3292,10852,274,469,715,1458,12310,1857,5071,2494,9422,537,975,1467,2979,12401,1857,5085,2545,9487,489,902,1399,2790,12277,1865,5086,2520,9471,492,913,1409,2814,12285,2058,5533,3294,10885,272,465,707,1444,12329,1864,5123,2625,9612,465,875,1351,2691,12303,1852,5091,2560,9503,482,891,1386,2759,12262,1855,5112,2615,9582,470,876,1360,2706,12288,1839,5028,2417,9284,557,1008,1509,3074,12358,2052,5507,3324,10883,271,461,700,1432,12315,2050,5530,3313,10893,272,465,706,1443,12336
Mesa,15252,34909,23935,74096,6124,11205,15601,32930,107026,16635,37352,29197,83184,4714,8785,10772,24271,107455,15484,35395,23731,74610,6142,11086,15671,32899,107509,15579,35579,24202,75360,5836,10589,15104,31529,106889,15484,35443,23893,74820,5911,10704,15278,31893,106713,16800,37804,29539,84143,4552,8342,10400,23294,107437,15290,35026,24334,74650,6060,11089,15473,32622,107272,15604,35674,24467,75745,5783,10476,14976,31235,106980,15283,34994,24190,74467,6087,11132,15524,32743,107210,16394,36840,26784,80018,5214,9607,12496,27317,107335,16768,37669,29881,84318,4523,8350,10371,23244,107562,16702,37549,29624,83875,4612,8537,10540,23689,107564
Mineral,315,255,110,680,69,52,35,156,836,342,274,145,761,43,33,6,82,843,313,254,109,676,70,54,35,159,835,315,256,110,681,69,52,35,156,837,313,254,109,676,70,54,35,159,835,342,274,145,761,43,33,6,82,843,315,257,112,684,69,50,35,154,838,315,255,110,680,69,52,35,156,836,315,257,112,684,69,50,35,154,838,313,254,109,676,71,54,35,160,836,346,276,165,787,43,30,6,79,866,342,275,148,765,43,32,6,81,846
Moffat,836,3809,1766,6411,491,1106,1440,3037,9448,973,4100,2339,7412,340,792,876,2008,9420,833,3799,1698,6330,520,1175,1497,3192,9522,835,3802,1747,6384,494,1125,1451,3070,9454,837,3799,1720,6356,498,1142,1466,3106,9462,984,4147,2371,7502,333,753,844,1930,9432,833,3804,1773,6410,487,1098,1436,3021,9431,834,3812,1757,6403,492,1112,1444,3048,9451,836,3811,1767,6414,489,1100,1438,3027,9441,831,3789,1673,6293,523,1182,1511,3216,9509,973,4117,2391,7481,333,779,862,1974,9455,973,4101,2357,7431,339,785,869,1993,9424
Montezuma,3023,6516,3552,13091,1547,2113,2686,6346,19437,3599,7341,5013,15953,990,1307,1341,3638,19591,2964,6428,3351,12743,1634,2250,2878,6762,19505,2997,6463,3460,12920,1565,2158,2730,6453,19373,2978,6442,3393,12813,1626,2236,2855,6717,19530,3591,7322,4967,15880,992,1312,1351,3655,19535,3047,6539,3634,13220,1531,2086,2664,6281,19501,3014,6498,3511,13023,1555,2122,2707,6384,19407,3036,6526,3589,13151,1541,2098,2676,6315,19466,3080,6629,3768,13477,1518,2035,2388,5941,19418,3616,7343,5087,16046,981,1299,1331,3611,19657,3606,7344,5052,16002,988,1303,1335,3626,19628
Montrose,4007,10271,6681,20959,775,1485,2526,4786,25745,4362,10799,8051,23212,415,962,1290,2667,25879,3960,10213,6432,20605,1135,2259,3416,6810,27415,4000,10252,6609,20861,787,1515,2574,4876,25737,3985,10227,6546,20758,813,1561,2628,5002,25760,4401,10950,8149,23500,372,796,1158,2326,25826,4000,10284,6777,21061,772,1458,2498,4728,25789,3999,10252,6638,20889,780,1497,2548,4825,25714,3997,10281,6735,21013,775,1470,2505,4750,25763,3957,10207,6394,20558,1151,2293,3450,6894,27452,4353,10811,8131,23295,397,908,1242,2547,25842,4359,10788,8076,23223,405,915,1252,2572,25795
Morgan,2630,5276,3450,11356,821,1156,1940,3917,15273,3026,5768,4592,13386,426,659,879,1964,15350,2584,5216,3331,11131,865,1224,2014,4103,15234,2616,5262,3409,11287,837,1184,1968,3989,15276,2598,5231,3387,11216,858,1210,1990,4058,15274,3056,5804,4614,13474,399,626,841,1866,15340,2641,5290,3491,11422,816,1138,1931,3885,15307,2619,5264,3429,11312,828,1172,1952,3952,15264,2637,5288,3472,11397,819,1144,1933,3896,15293,2697,5315,3654,11666,801,1225,1734,3760,15426,3026,5781,4646,13453,418,649,862,1929,15382,3025,5777,4623,13425,419,653,870,1942,15367
Otero,3035,3429,2151,8615,951,687,1224,2862,11477,3578,3744,2986,10308,392,371,461,1224,11532,3023,3407,2046,8476,1330,994,1719,4043,12519,3025,3410,2094,8529,1303,978,1693,3974,12503,3023,3402,2069,8494,1320,987,1714,4021,12515,3597,3770,2975,10342,373,341,448,1162,11504,3032,3425,2179,8636,943,680,1215,2838,11474,3015,3410,2102,8527,972,705,1244,2921,11448,3034,3435,2175,8644,945,681,1216,2842,11486,2970,3386,1992,8348,1359,1013,1744,4116,12464,3566,3743,3033,10342,382,356,452,1190,11532,3572,3744,3002,10318,389,363,457,1209,11527
Ouray,933,1321,1067,3321,170,289,389,848,4169,981,1384,1236,3601,122,224,254,600,4201,923,1313,1046,3282,195,330,430,955,4237,931,1316,1063,3310,173,293,391,857,4167,931,1317,1059,3307,173,294,393,860,4167,980,1384,1220,3584,123,224,257,604,4188,937,1321,1083,3341,169,288,384,841,4182,933,1319,1067,3319,170,290,390,850,4169,934,1322,1075,3331,169,289,387,845,4176,917,1315,1025,3257,253,401,490,1144,4401,986,1391,1266,3643,122,223,252,597,4240,986,1392,1254,3632,122,224,253,599,4231
Park,2148,4219,3563,9930,605,1005,1514,3124,13054,2371,4561,4257,11189,380,703,922,2005,13194,2111,4166,3417,9694,682,1103,1631,3416,13110,2140,4202,3504,9846,624,1024,1533,3181,13027,2121,4182,3447,9750,643,1051,1574,3268,13018,2398,4568,4260,11226,355,678,896,1929,13155,2155,4234,3625,10014,592,1001,1500,3093,13107,2146,4204,3527,9877,611,1010,1517,3138,13015,2156,4233,3594,9983,596,1001,1505,3102,13085,2100,4144,3359,9603,690,1113,1660,3463,13066,2364,4559,4321,11244,368,690,906,1964,13208,2369,4565,4292,11226,372,697,911,1980,13206
Phillips,412,1372,556,2340,156,352,305,813,3153,472,1523,692,2687,99,208,167,474,3161,406,1366,525,2297,165,361,323,849,3146,406,1369,537,2312,160,358,319,837,3149,407,1369,533,2309,162,357,321,840,3149,473,1525,694,2692,99,208,169,476,3168,413,1384,561,2358,156,349,301,806,3164,410,1370,550,2330,158,354,309,821,3151,413,1375,559,2347,156,351,302,809,3156,405,1368,524,2297,166,363,325,854,3151,475,1544,702,2721,99,207,163,469,3190,475,1538,701,2714,99,207,164,470,3184
Pitkin,3922,1952,4581,10455,1236,834,2225,4295,14750,4318,2182,5494,11994,845,599,1389,2833,14827,3880,1918,4405,10203,1358,887,2454,4699,14902,3907,1935,4520,10362,1247,841,2260,4348,14710,3900,1926,4493,10319,1343,883,2428,4654,14973,4310,2182,5465,11957,845,599,1391,2835,14792,3931,1961,4640,10532,1221,826,2195,4242,14774,3912,1938,4547,10397,1237,841,2239,4317,14714,3930,1951,4614,10495,1227,831,2202,4260,14755,3964,1989,4714,10667,1271,821,2163,4255,14922,4328,2183,5563,12074,842,590,1381,2813,14887,4313,2181,5531,12025,844,593,1390,2827,14852
Prowers,1252,2411,1434,5097,382,544,833,1759,6856,1481,2706,1968,6155,143,256,326,725,6880,1220,2395,1386,5001,529,791,1049,2369,7370,1247,2407,1410,5064,389,554,845,1788,6852,1241,2399,1407,5047,396,567,847,1810,6857,1478,2689,1944,6111,143,259,327,729,6840,1248,2411,1443,5102,378,539,825,1742,6844,1253,2407,1432,5092,384,546,837,1767,6859,1253,2414,1441,5108,379,541,831,1751,6859,1215,2375,1359,4949,539,805,1060,2404,7353,1475,2717,2002,6194,142,253,324,719,6913,1480,2704,1982,6166,143,256,326,725,6891
Pueblo,38076,21016,21461,80553,10655,5540,13024,29219,109772,42363,22917,28049,93329,6207,3872,7166,17245,110574,37787,20764,20513,79064,12998,6975,15991,35964,115028,37992,20892,20999,79883,10845,5667,13203,29715,109598,37957,20832,20828,79617,10973,5743,13341,30057,109674,42531,23147,28193,93871,6067,3642,6867,16576,110447,38133,21182,22066,81381,10520,5473,12873,28866,110247,38000,20919,21137,80056,10769,5627,13156,29552,109608,38110,21115,21810,81035,10559,5501,12941,29001,110036,39895,21595,23914,85404,10901,6146,12484,29531,114935,42401,23057,28501,93959,6060,3763,6997,16820,110779,42434,23048,28332,93814,6118,3802,7055,16975,110789
Rio Blanco,355,2452,672,3479,92,402,434,928,4407,405,2653,917,3975,42,200,206,448,4423,356,2438,645,3439,142,566,609,1317,4756,355,2447,660,3462,94,409,438,941,4403,354,2446,652,3452,96,413,442,951,4403,406,2642,905,3953,42,201,209,452,4405,355,2449,683,3487,92,393,432,917,4404,356,2450,661,3467,92,404,436,932,4399,354,2451,677,3482,92,398,433,923,4405,346,2426,639,3411,146,575,612,1333,4744,394,2641,922,3957,42,195,200,437,4394,401,2645,920,3966,42,195,201,438,4404
Rio Grande,1909,2626,1297,5832,530,587,757,1874,7706,2120,2807,1688,6615,315,401,384,1100,7715,1877,2610,1241,5728,641,712,894,2247,7975,1904,2625,1271,5800,539,596,766,1901,7701,1886,2609,1250,5745,570,625,784,1979,7724,2140,2826,1704,6670,302,384,362,1048,7718,1913,2628,1313,5854,526,582,752,1860,7714,1907,2622,1288,5817,533,589,760,1882,7699,1911,2628,1303,5842,529,583,756,1868,7710,1862,2606,1210,5678,653,721,902,2276,7954,2123,2826,1726,6675,306,378,369,1053,7728,2123,2821,1722,6666,308,380,374,1062,7728
Routt,4215,4257,5409,13881,1078,1068,2232,4378,18259,4608,4675,6488,15771,689,667,1226,2582,18353,4175,4201,5271,13647,1372,1356,2648,5376,19023,4203,4234,5357,13794,1098,1091,2260,4449,18243,4192,4214,5310,13716,1123,1128,2309,4560,18276,4627,4706,6498,15831,664,629,1176,2469,18300,4224,4272,5448,13944,1069,1064,2216,4349,18293,4207,4243,5391,13841,1089,1081,2242,4412,18253,4226,4262,5438,13926,1070,1066,2220,4356,18282,4145,4185,5188,13518,1383,1368,2677,5428,18946,4628,4700,6584,15912,682,664,1211,2557,18469,4621,4685,6545,15851,685,667,1218,2570,18421
Saguache,1526,670,888,3084,404,217,497,1118,4202,1702,754,1163,3619,225,122,227,574,4193,1524,671,837,3032,482,257,551,1290,4322,1529,670,870,3069,408,219,499,1126,4195,1523,670,859,3052,408,219,501,1128,4180,1694,758,1162,3614,223,118,225,566,4180,1527,669,895,3091,391,211,487,1089,4180,1533,671,887,3091,406,219,498,1123,4214,1525,668,892,3085,392,211,487,1090,4175,1507,670,831,3008,489,261,554,1304,4312,1706,762,1184,3652,223,121,224,568,4220,1704,758,1168,3630,223,121,225,569,4199
San Juan,155,118,259,532,31,28,72,131,663,167,135,298,600,18,11,30,59,659,154,115,259,528,32,30,74,136,664,155,118,258,531,32,29,73,134,665,154,115,258,527,32,30,73,135,662,166,136,298,600,19,11,30,60,660,154,118,257,529,31,28,71,130,659,155,118,259,532,31,29,73,133,665,154,118,259,531,31,28,71,130,661,152,113,259,524,32,30,74,136,660,167,139,300,606,18,11,30,59,665,168,136,299,603,18,11,30,59,662
San Miguel,2013,805,1620,4438,677,326,1028,2031,6469,2200,896,1985,5081,491,236,695,1422,6503,2015,800,1583,4398,716,341,1103,2160,6558,2009,807,1607,4423,688,330,1045,2063,6486,2020,801,1590,4411,690,336,1053,2079,6490,2197,894,1984,5075,491,235,687,1413,6488,2020,803,1636,4459,674,325,1023,2022,6481,2013,807,1610,4430,679,328,1038,2045,6475,2016,804,1626,4446,677,325,1026,2028,6474,1986,801,1545,4332,769,350,1168,2287,6619,2219,893,2013,5125,488,236,691,1415,6540,2205,895,1991,5091,489,236,694,1419,6510
Sedgwick,248,841,323,1412,36,87,97,220,1632,280,906,395,1581,5,30,31,66,1647,243,832,302,1377,52,132,125,309,1686,248,837,315,1400,37,88,97,222,1622,247,835,308,1390,37,96,102,235,1625,277,896,389,1562,5,30,31,66,1628,248,842,323,1413,35,86,97,218,1631,249,838,320,1407,36,87,97,220,1627,248,838,321,1407,36,86,97,219,1626,243,826,297,1366,52,138,127,317,1683,282,907,406,1595,5,30,31,66,1661,279,906,400,1585,5,30,31,66,1651
Summit,4830,4036,7369,16235,2185,1952,5236,9373,25608,5443,4600,9120,19163,1643,1435,3643,6721,25884,4714,3946,7045,15705,2273,2074,5474,9821,25526,4804,4017,7254,16075,2223,1993,5332,9548,25623,4781,3990,7191,15962,2254,2040,5409,9703,25665,5414,4594,9065,19073,1641,1433,3629,6703,25776,4857,4068,7455,16380,2164,1929,5171,9264,25644,4820,4027,7316,16163,2213,1977,5293,9483,25646,4849,4059,7428,16336,2169,1934,5181,9284,25620,4826,4080,7522,16428,2131,1911,4964,9006,25434,5491,4626,9228,19345,1639,1425,3618,6682,26027,5451,4617,9176,19244,1645,1432,3631,6708,25952
Teller,2458,7160,4340,13958,539,1181,1538,3258,17216,2767,7739,5411,15917,232,617,566,1415,17332,2427,7095,4176,13698,1153,2438,2718,6309,20007,2445,7131,4264,13840,554,1202,1573,3329,17169,2430,7098,4197,13725,564,1236,1617,3417,17142,2822,7907,5504,16233,172,438,443,1053,17286,2458,7172,4401,14031,539,1175,1534,3248,17279,2458,7161,4312,13931,538,1183,1545,3266,17197,2454,7153,4360,13967,539,1178,1535,3252,17219,2405,7039,4072,13516,1161,2475,2755,6391,19907,2762,7776,5509,16047,224,598,565,1387,17434,2761,7748,5474,15983,227,605,569,1401,17384
Washington,290,1923,469,2682,86,315,226,627,3309,320,2033,579,2932,58,188,138,384,3316,285,1911,448,2644,92,336,237,665,3309,291,1922,463,2676,86,320,230,636,3312,291,1922,459,2672,86,321,230,637,3309,321,2040,579,2940,57,190,134,381,3321,292,1917,480,2689,86,312,225,623,3312,290,1921,466,2677,86,319,227,632,3309,290,1916,469,2675,86,313,226,625,3300,282,1903,445,2630,96,344,241,681,3311,316,2030,583,2929,56,183,137,376,3305,320,2028,582,2930,57,184,137,378,3308
Weld,30717,49067,42312,122096,9061,10679,20884,40624,162720,34008,52615,52571,139194,5694,7137,11454,24285,163479,29922,48170,41430,119522,9740,11748,22603,44091,163613,30586,48870,41631,121087,9141,10858,21220,41219,162306,30192,48432,41503,120127,9297,11148,21698,42143,162270,34039,52722,52370,139131,5639,7011,11349,23999,163130,30719,49140,42816,122675,8964,10558,20669,40191,162866,30624,48956,41942,121522,9111,10761,21020,40892,162414,30767,49127,42657,122551,8995,10612,20765,40372,162923,29483,47744,40319,117546,9938,11974,23019,44931,162477,32978,51238,51359,135575,6745,8677,13437,28859,164434,34066,52761,52961,139788,5641,7060,11375,24076,163864
Yuma,814,2688,1314,4816,246,617,669,1532,6348,899,2901,1627,5427,155,407,382,944,6371,806,2660,1277,4743,255,634,695,1584,6327,812,2672,1288,4772,250,622,687,1559,6331,809,2664,1282,4755,252,625,690,1567,6322,909,2924,1632,5465,150,386,364,900,6365,821,2699,1332,4852,243,612,659,1514,6366,812,2683,1304,4799,247,619,675,1541,6340,819,2692,1321,4832,245,616,662,1523,6355,800,2644,1234,4678,279,702,737,1718,6396,904,2906,1643,5453,150,396,376,922,6375,903,2900,1641,5444,153,401,377,931,6375
